S,E,I,R,p,I_new_nn,I_cum_nn,I_new_real,I_cum_real,f
0.969687,0.000015,0.000017,0.030281,0.237163,126.747717,126.747717,6.428571,26.428571,0.000694
0.969684,0.000015,0.000017,0.030284,0.237288,126.285635,253.033351,6.428571,32.857143,0.000682
0.969681,0.000015,0.000017,0.030287,0.237409,125.891011,378.924363,4.428571,37.285714,0.000666
0.969679,0.000015,0.000017,0.030290,0.237529,125.554056,504.478418,4.142857,41.428571,0.000660
0.969676,0.000015,0.000017,0.030293,0.237649,125.266647,629.745065,3.142857,44.571429,0.000665
0.969673,0.000015,0.000017,0.030296,0.237770,125.022029,754.767094,2.571429,47.142857,0.000680
0.969670,0.000015,0.000017,0.030299,0.237895,124.814551,879.581645,1.285714,48.428571,0.000704
0.969668,0.000014,0.000017,0.030301,0.238025,124.639460,1004.221105,0.714286,42.000000,0.000737
0.969665,0.000014,0.000017,0.030304,0.238162,124.492767,1128.713872,0.571429,42.571429,0.000778
0.969662,0.000014,0.000017,0.030307,0.238307,124.371075,1253.084946,0.571429,43.142857,0.000826
0.969659,0.000014,0.000017,0.030310,0.238462,124.271503,1377.356450,0.714286,43.857143,0.000881
0.969657,0.000014,0.000017,0.030312,0.238627,124.191595,1501.548045,0.857143,44.714286,0.000942
0.969654,0.000014,0.000017,0.030315,0.238805,124.129246,1625.677290,2.142857,46.857143,0.001009
0.969651,0.000014,0.000017,0.030318,0.238994,124.082647,1749.759937,2.285714,49.142857,0.001081
0.969648,0.000014,0.000017,0.030321,0.239198,124.050247,1873.810184,2.285714,58.571429,0.001157
0.969646,0.000014,0.000017,0.030324,0.239415,124.030683,1997.840866,2.000000,60.571429,0.001237
0.969643,0.000014,0.000017,0.030326,0.239648,124.022783,2121.863649,2.000000,53.142857,0.001321
0.969640,0.000014,0.000017,0.030329,0.239897,124.025542,2245.889191,1.714286,45.428571,0.001409
0.969637,0.000014,0.000017,0.030332,0.240162,124.038076,2369.927268,1.571429,37.571429,0.001499
0.969635,0.000014,0.000017,0.030335,0.240444,124.059628,2493.986895,0.285714,37.857143,0.001592
0.969632,0.000014,0.000017,0.030337,0.240743,124.089514,2618.076409,0.142857,38.000000,0.001687
0.969629,0.000014,0.000017,0.030340,0.241061,124.127151,2742.203561,0.285714,38.285714,0.001784
0.969626,0.000014,0.000017,0.030343,0.241396,124.172033,2866.375594,0.428571,38.714286,0.001883
0.969624,0.000014,0.000017,0.030346,0.241750,124.223734,2990.599328,0.857143,49.000000,0.001984
0.969621,0.000014,0.000017,0.030348,0.242123,124.281863,3114.881192,1.000000,59.428571,0.002086
0.969618,0.000014,0.000017,0.030351,0.242516,124.346098,3239.227290,1.000000,69.857143,0.002189
0.969615,0.000014,0.000017,0.030354,0.242928,124.416153,3363.643443,1.142857,71.000000,0.002294
0.969613,0.000014,0.000017,0.030357,0.243360,124.491816,3488.135259,1.142857,72.142857,0.002399
0.969610,0.000014,0.000017,0.030360,0.243811,124.572905,3612.708163,1.142857,73.285714,0.002506
0.969607,0.000014,0.000017,0.030362,0.244284,124.659279,3737.367442,1.000000,74.285714,0.002613
0.969604,0.000014,0.000017,0.030365,0.244776,124.750835,3862.118276,0.571429,74.857143,0.002721
0.969601,0.000014,0.000017,0.030368,0.245290,124.847505,3986.965782,0.428571,75.285714,0.002830
0.969599,0.000014,0.000017,0.030371,0.245824,124.949240,4111.915022,0.428571,64.857143,0.002940
0.969596,0.000014,0.000017,0.030374,0.246380,125.056079,4236.971100,0.142857,65.000000,0.003050
0.969593,0.000014,0.000017,0.030376,0.246957,125.168036,4362.139136,0.285714,65.285714,0.003161
0.969590,0.000014,0.000017,0.030379,0.247555,125.285177,4487.424313,0.285714,65.571429,0.003272
0.969587,0.000014,0.000017,0.030382,0.248176,125.407598,4612.831911,0.285714,65.857143,0.003384
0.969584,0.000014,0.000017,0.030385,0.248818,125.535425,4738.367336,0.428571,66.285714,0.003497
0.969582,0.000014,0.000017,0.030387,0.249483,125.668812,4864.036148,0.428571,66.714286,0.003611
0.969579,0.000014,0.000017,0.030390,0.250170,125.807969,4989.844118,0.428571,78.000000,0.003725
0.969576,0.000014,0.000017,0.030393,0.250880,125.953037,5115.797155,0.428571,67.142857,0.003839
0.969573,0.000014,0.000017,0.030396,0.251614,126.104332,5241.901487,0.285714,67.428571,0.003955
0.969570,0.000014,0.000017,0.030399,0.252370,126.262099,5368.163586,0.285714,67.714286,0.004071
0.969567,0.000014,0.000017,0.030402,0.253150,126.426639,5494.590225,0.428571,68.142857,0.004188
0.969564,0.000014,0.000017,0.030404,0.253954,126.598282,5621.188507,0.285714,68.428571,0.004306
0.969562,0.000014,0.000017,0.030407,0.254782,126.777354,5747.965861,0.285714,57.142857,0.004425
0.969559,0.000014,0.000017,0.030410,0.255634,126.964270,5874.930131,0.285714,45.857143,0.004545
0.969556,0.000014,0.000017,0.030413,0.256511,127.159480,6002.089611,0.285714,45.857143,0.004666
0.969553,0.000014,0.000017,0.030416,0.257414,127.363400,6129.453010,0.428571,46.285714,0.004788
0.969550,0.000014,0.000017,0.030419,0.258342,127.576506,6257.029516,0.285714,46.571429,0.004911
0.969547,0.000014,0.000017,0.030421,0.259296,127.799306,6384.828823,0.142857,46.714286,0.005036
0.969544,0.000014,0.000017,0.030424,0.260276,128.032340,6512.861162,0.142857,46.857143,0.005162
0.969541,0.000015,0.000017,0.030427,0.261283,128.276214,6641.137377,0.142857,58.571429,0.005289
0.969538,0.000015,0.000017,0.030430,0.262318,128.531500,6769.668877,0.142857,70.285714,0.005418
0.969535,0.000015,0.000017,0.030433,0.263380,128.798833,6898.467710,0.142857,82.000000,0.005549
0.969532,0.000015,0.000017,0.030436,0.264471,129.078845,7027.546556,0.000000,82.000000,0.005681
0.969529,0.000015,0.000017,0.030439,0.265590,129.372282,7156.918838,0.142857,82.142857,0.005815
0.969526,0.000015,0.000017,0.030442,0.266739,129.679887,7286.598724,0.142857,82.285714,0.005951
0.969523,0.000015,0.000017,0.030444,0.267918,130.002441,7416.601166,0.142857,82.428571,0.006089
0.969520,0.000015,0.000017,0.030447,0.269128,130.340768,7546.941933,1.142857,83.571429,0.006229
0.969517,0.000015,0.000017,0.030450,0.270369,130.695726,7677.637660,1.285714,84.857143,0.006372
0.969514,0.000015,0.000017,0.030453,0.271642,131.068218,7808.705878,1.571429,86.428571,0.006517
0.969511,0.000015,0.000018,0.030456,0.272948,131.459191,7940.165069,2.428571,88.857143,0.006664
0.969508,0.000015,0.000018,0.030459,0.274287,131.869636,8072.034705,3.571429,92.428571,0.006815
0.969505,0.000015,0.000018,0.030462,0.275661,132.300590,8204.335295,4.142857,96.571429,0.006968
0.969502,0.000015,0.000018,0.030465,0.277069,132.753141,8337.088436,5.571429,102.142857,0.007124
0.969499,0.000015,0.000018,0.030468,0.278514,133.228423,8470.316859,5.428571,107.571429,0.007282
0.969496,0.000015,0.000018,0.030471,0.279996,133.727625,8604.044484,6.285714,113.857143,0.007444
0.969492,0.000016,0.000018,0.030474,0.281516,134.251996,8738.296480,7.571429,121.428571,0.007610
0.969489,0.000016,0.000018,0.030477,0.283074,134.802840,8873.099319,8.142857,129.571429,0.007778
0.969486,0.000016,0.000018,0.030480,0.284673,135.381521,9008.480840,9.428571,139.000000,0.007950
0.969483,0.000016,0.000018,0.030483,0.286312,135.989481,9144.470321,13.000000,152.000000,0.008126
0.969479,0.000016,0.000018,0.030486,0.287994,136.628216,9281.098537,14.714286,166.714286,0.008305
0.969476,0.000016,0.000018,0.030490,0.289718,137.299297,9418.397833,18.142857,184.857143,0.008488
0.969473,0.000016,0.000018,0.030493,0.291487,138.004392,9556.402226,26.000000,210.857143,0.008675
0.969469,0.000016,0.000019,0.030496,0.293301,138.745235,9695.147461,32.142857,243.000000,0.008866
0.969466,0.000016,0.000019,0.030499,0.295162,139.523615,9834.671076,35.428571,278.428571,0.009060
0.969463,0.000016,0.000019,0.030502,0.297071,140.341464,9975.012540,47.857143,326.285714,0.009259
0.969459,0.000017,0.000019,0.030505,0.299029,141.200808,10116.213348,60.285714,386.571429,0.009461
0.969456,0.000017,0.000019,0.030508,0.301037,142.103745,10258.317092,72.857143,459.428571,0.009668
0.969452,0.000017,0.000019,0.030512,0.303097,143.052441,10401.369533,80.285714,539.714286,0.009877
0.969449,0.000017,0.000019,0.030515,0.305210,144.049141,10545.418674,81.285714,621.000000,0.010090
0.969445,0.000017,0.000019,0.030518,0.307377,145.096274,10690.514948,89.142857,710.142857,0.010307
0.969442,0.000017,0.000020,0.030521,0.309599,146.196404,10836.711353,96.428571,806.571429,0.010527
0.969438,0.000018,0.000020,0.030525,0.311877,147.352127,10984.063480,94.285714,900.857143,0.010750
0.969435,0.000018,0.000020,0.030528,0.314213,148.566215,11132.629695,95.000000,995.857143,0.010976
0.969431,0.000018,0.000020,0.030531,0.316608,149.841650,11282.471345,99.857143,1095.714286,0.011204
0.969427,0.000018,0.000020,0.030535,0.319062,151.181535,11433.652880,103.428571,1199.142857,0.011435
0.969423,0.000018,0.000020,0.030538,0.321576,152.589131,11586.242011,108.571429,1307.714286,0.011667
0.969419,0.000019,0.000021,0.030541,0.324152,154.067770,11740.309781,103.285714,1411.000000,0.011900
0.969416,0.000019,0.000021,0.030545,0.326790,155.621064,11895.930845,106.285714,1517.285714,0.012135
0.969412,0.000019,0.000021,0.030548,0.329491,157.252790,12053.183635,104.285714,1621.571429,0.012369
0.969407,0.000019,0.000021,0.030552,0.332256,158.966885,12212.150520,101.571429,1723.142857,0.012603
0.969403,0.000020,0.000021,0.030556,0.335084,160.767483,12372.918003,95.285714,1818.428571,0.012836
0.969399,0.000020,0.000022,0.030559,0.337976,162.659063,12535.577066,98.142857,1916.571429,0.013068
0.969395,0.000020,0.000022,0.030563,0.340932,164.646226,12700.223293,93.428571,2010.000000,0.013297
0.969391,0.000020,0.000022,0.030567,0.343951,166.733852,12866.957145,93.285714,2103.285714,0.013523
0.969386,0.000021,0.000023,0.030571,0.347035,168.927081,13035.884226,91.428571,2194.714286,0.013745
0.969382,0.000021,0.000023,0.030574,0.350181,171.231440,13207.115666,98.857143,2293.571429,0.013962
0.969377,0.000021,0.000023,0.030578,0.353389,173.652651,13380.768317,102.857143,2396.428571,0.014173
0.969372,0.000022,0.000024,0.030582,0.356658,176.196641,13556.964958,104.000000,2500.428571,0.014376
0.969368,0.000022,0.000024,0.030586,0.359986,178.869573,13735.834532,98.428571,2598.857143,0.014571
0.969363,0.000023,0.000024,0.030590,0.363372,181.678234,13917.512766,105.571429,2704.428571,0.014758
0.969358,0.000023,0.000025,0.030594,0.366814,184.629563,14102.142329,104.285714,2808.714286,0.014934
0.969353,0.000023,0.000025,0.030599,0.370309,187.730854,14289.873182,105.142857,2913.857143,0.015098
0.969348,0.000024,0.000025,0.030603,0.373855,190.989916,14480.863099,109.714286,3023.571429,0.015251
0.969342,0.000024,0.000026,0.030607,0.377449,194.414775,14675.277874,108.571429,3132.142857,0.015389
0.969337,0.000025,0.000026,0.030612,0.381087,198.014010,14873.291884,112.857143,3245.000000,0.015513
0.969332,0.000025,0.000027,0.030616,0.384767,201.796901,15075.088784,127.571429,3372.571429,0.015622
0.969326,0.000026,0.000027,0.030621,0.388483,205.772810,15280.861594,134.142857,3506.714286,0.015713
0.969320,0.000027,0.000028,0.030625,0.392232,209.951480,15490.813074,138.571429,3645.285714,0.015786
0.969314,0.000027,0.000029,0.030630,0.396010,214.343247,15705.156321,142.714286,3788.000000,0.015840
0.969308,0.000028,0.000029,0.030635,0.399810,218.958701,15924.115022,137.857143,3925.857143,0.015874
0.969302,0.000029,0.000030,0.030640,0.403628,223.809351,16147.924373,141.714286,4067.571429,0.015887
0.969296,0.000029,0.000031,0.030645,0.407458,228.907137,16376.831509,142.285714,4209.857143,0.015879
0.969289,0.000030,0.000031,0.030650,0.411295,234.264202,16611.095711,135.000000,4344.857143,0.015848
0.969282,0.000031,0.000032,0.030655,0.415133,239.893342,16850.989053,125.428571,4470.285714,0.015795
0.969275,0.000032,0.000033,0.030661,0.418965,245.808544,17096.797597,127.142857,4597.428571,0.015720
0.969268,0.000032,0.000034,0.030666,0.422786,252.024149,17348.821746,126.285714,4723.714286,0.015621
0.969260,0.000033,0.000034,0.030672,0.426590,258.555400,17607.377145,134.428571,4858.142857,0.015500
0.969253,0.000034,0.000035,0.030678,0.430369,265.418061,17872.795207,142.428571,5000.571429,0.015356
0.969245,0.000035,0.000036,0.030684,0.434119,272.628711,18145.423918,156.285714,5156.857143,0.015188
0.969236,0.000036,0.000037,0.030690,0.437832,280.204230,18425.628148,165.000000,5321.857143,0.014998
0.969228,0.000038,0.000038,0.030696,0.441502,288.162915,18713.791063,186.428571,5508.285714,0.014785
0.969219,0.000039,0.000040,0.030703,0.445123,296.523136,19010.314198,200.142857,5708.428571,0.014550
0.969210,0.000040,0.000041,0.030709,0.448689,305.304548,19315.618746,223.714286,5932.142857,0.014293
0.969200,0.000041,0.000042,0.030716,0.452194,314.526937,19630.145683,239.142857,6171.285714,0.014014
0.969191,0.000043,0.000043,0.030724,0.455632,324.211020,19954.356703,256.714286,6428.000000,0.013716
0.969180,0.000044,0.000045,0.030731,0.458998,334.377864,20288.734566,266.571429,6694.571429,0.013398
0.969170,0.000046,0.000046,0.030738,0.462286,345.050854,20633.785421,294.428571,6989.000000,0.013062
0.969159,0.000047,0.000048,0.030746,0.465491,356.252617,20990.038037,307.857143,7296.857143,0.012708
0.969148,0.000049,0.000049,0.030754,0.468610,368.006022,21358.044060,313.857143,7610.714286,0.012338
0.969136,0.000051,0.000051,0.030763,0.471636,380.336187,21738.380247,328.857143,7939.571429,0.011953
0.969124,0.000052,0.000052,0.030771,0.474567,393.270626,22131.650873,363.285714,8302.857143,0.011556
0.969111,0.000054,0.000054,0.030780,0.477399,406.837200,22538.488073,404.428571,8707.285714,0.011147
0.969098,0.000056,0.000056,0.030790,0.480129,421.065929,22959.554002,467.857143,9175.142857,0.010727
0.969084,0.000058,0.000058,0.030799,0.482754,435.985996,23395.539998,527.571429,9702.714286,0.010297
0.969070,0.000061,0.000060,0.030809,0.485272,451.624612,23847.164610,566.571429,10269.285714,0.009857
0.969056,0.000063,0.000062,0.030819,0.487678,468.010911,24315.175521,604.142857,10873.428571,0.009408
0.969041,0.000065,0.000065,0.030829,0.489973,485.173908,24800.349429,627.142857,11500.571429,0.008953
0.969025,0.000068,0.000067,0.030840,0.492153,503.143599,25303.493028,644.285714,12144.857143,0.008493
0.969008,0.000070,0.000070,0.030852,0.494218,521.951354,25825.444382,658.857143,12803.714286,0.008028
0.968991,0.000073,0.000072,0.030863,0.496167,541.628005,26367.072386,661.285714,13465.000000,0.007561
0.968974,0.000076,0.000075,0.030875,0.497998,562.206419,26929.278806,666.000000,14131.000000,0.007092
0.968955,0.000079,0.000078,0.030888,0.499712,583.721460,27513.000266,676.857143,14807.857143,0.006623
0.968936,0.000082,0.000081,0.030901,0.501309,606.207333,28119.207599,683.000000,15490.857143,0.006154
0.968916,0.000085,0.000084,0.030915,0.502789,629.705063,28748.912662,725.285714,16216.142857,0.005687
0.968895,0.000089,0.000087,0.030929,0.504153,654.252857,29403.165519,764.571429,16980.714286,0.005222
0.968873,0.000092,0.000091,0.030944,0.505400,679.886558,30083.052078,795.571429,17776.285714,0.004759
0.968851,0.000096,0.000094,0.030959,0.506532,706.640804,30789.692882,811.571429,18587.857143,0.004299
0.968827,0.000100,0.000098,0.030975,0.507549,734.553188,31524.246070,829.142857,19417.000000,0.003843
0.968802,0.000104,0.000102,0.030992,0.508453,763.671230,32287.917300,888.428571,20305.428571,0.003392
0.968777,0.000108,0.000106,0.031009,0.509245,794.026126,33081.943426,892.000000,21197.428571,0.002945
0.968750,0.000113,0.000110,0.031027,0.509925,825.659179,33907.602605,919.000000,22116.428571,0.002503
0.968723,0.000117,0.000115,0.031045,0.510496,858.620902,34766.223507,980.857143,23097.285714,0.002067
0.968694,0.000122,0.000119,0.031065,0.510958,892.955744,35659.179251,1040.857143,24138.142857,0.001637
0.968664,0.000127,0.000124,0.031085,0.511314,928.715586,36587.894836,1135.857143,25274.000000,0.001211
0.968633,0.000132,0.000129,0.031106,0.511564,965.948180,37553.843016,1232.142857,26506.142857,0.000792
0.968601,0.000138,0.000134,0.031128,0.511710,1004.688012,38558.531028,1287.857143,27794.000000,0.000378
0.968567,0.000143,0.000139,0.031151,0.511753,1044.980334,39603.511363,1356.714286,29150.714286,-0.000029
0.968532,0.000149,0.000145,0.031174,0.511695,1086.861870,40690.373233,1392.714286,30543.428571,-0.000430
0.968495,0.000155,0.000151,0.031199,0.511538,1130.377052,41820.750285,1436.714286,31980.142857,-0.000824
0.968458,0.000161,0.000157,0.031225,0.511283,1175.584337,42996.334622,1520.000000,33500.142857,-0.001213
0.968418,0.000167,0.000163,0.031251,0.510932,1222.531263,44218.865885,1594.571429,35094.714286,-0.001596
0.968377,0.000174,0.000170,0.031279,0.510486,1271.260763,45490.126648,1659.285714,36754.000000,-0.001973
0.968335,0.000181,0.000176,0.031308,0.509946,1321.842100,46811.968748,1789.142857,38543.142857,-0.002344
0.968291,0.000188,0.000183,0.031338,0.509314,1374.304810,48186.273558,1848.142857,40391.285714,-0.002710
0.968245,0.000196,0.000191,0.031369,0.508592,1428.718861,49614.992419,1984.571429,42375.857143,-0.003071
0.968197,0.000203,0.000198,0.031401,0.507779,1485.142987,51100.135406,2123.714286,44499.571429,-0.003426
0.968148,0.000211,0.000206,0.031435,0.506879,1543.605067,52643.740473,2207.142857,46706.714286,-0.003775
0.968097,0.000219,0.000214,0.031470,0.505892,1604.165879,54247.906352,2334.428571,49041.142857,-0.004119
0.968044,0.000228,0.000222,0.031506,0.504820,1666.881731,55914.788082,2467.285714,51508.428571,-0.004456
0.967989,0.000237,0.000231,0.031544,0.503665,1731.738593,57646.526676,2458.714286,53967.142857,-0.004786
0.967932,0.000246,0.000240,0.031583,0.502427,1798.790109,59445.316784,2507.142857,56474.285714,-0.005109
0.967872,0.000255,0.000249,0.031624,0.501110,1868.065229,61313.382013,2512.000000,58986.285714,-0.005427
0.967811,0.000264,0.000259,0.031666,0.499714,1939.610948,63252.992961,2539.000000,61525.285714,-0.005740
0.967747,0.000274,0.000269,0.031710,0.498240,2013.479192,65266.472153,2583.142857,64108.428571,-0.006047
0.967681,0.000284,0.000279,0.031756,0.496690,2089.683803,67356.155956,2573.285714,66681.714286,-0.006348
0.967613,0.000295,0.000289,0.031803,0.495066,2168.289434,69524.445390,2627.571429,69309.285714,-0.006648
0.967542,0.000306,0.000300,0.031852,0.493367,2249.389269,71773.834659,2768.285714,72077.571429,-0.006942
0.967469,0.000317,0.000311,0.031903,0.491595,2332.966684,74106.801343,2791.857143,74869.428571,-0.007231
0.967393,0.000328,0.000323,0.031956,0.489752,2419.082967,76525.884309,2888.857143,77758.285714,-0.007515
0.967315,0.000340,0.000335,0.032011,0.487839,2507.776504,79033.660814,2979.285714,80737.571429,-0.007798
0.967234,0.000351,0.000347,0.032068,0.485856,2599.137934,81632.798748,3168.285714,83905.857143,-0.008076
0.967150,0.000364,0.000359,0.032127,0.483805,2693.160244,84325.958992,3275.571429,87181.428571,-0.008345
0.967064,0.000376,0.000372,0.032188,0.481688,2789.807289,87115.766281,3304.000000,90485.428571,-0.008606
0.966974,0.000389,0.000385,0.032251,0.479507,2889.067864,90004.834145,3303.714286,93789.142857,-0.008860
0.966882,0.000402,0.000399,0.032317,0.477265,2990.968947,92995.803092,3329.857143,97119.000000,-0.009112
0.966787,0.000416,0.000413,0.032384,0.474961,3095.570334,96091.373426,3422.857143,100541.857143,-0.009360
0.966689,0.000429,0.000427,0.032455,0.472597,3202.898140,99294.271566,3528.000000,104069.857143,-0.009602
0.966587,0.000444,0.000442,0.032527,0.470175,3312.890064,102607.161630,3538.428571,107608.285714,-0.009838
0.966483,0.000458,0.000457,0.032602,0.467695,3425.619388,106032.781018,3671.285714,111279.571429,-0.010075
0.966375,0.000472,0.000472,0.032680,0.465158,3541.151898,109573.932916,3875.857143,115155.428571,-0.010309
0.966264,0.000487,0.000488,0.032760,0.462566,3659.475453,113233.408368,4061.285714,119216.714286,-0.010535
0.966150,0.000503,0.000504,0.032843,0.459920,3780.531023,117013.939391,4192.285714,123409.000000,-0.010755
0.966032,0.000518,0.000521,0.032929,0.457223,3904.322694,120918.262085,4366.285714,127775.285714,-0.010973
0.965912,0.000534,0.000538,0.033017,0.454474,4030.865899,124949.127983,4586.571429,132361.857143,-0.011187
0.965787,0.000550,0.000555,0.033108,0.451676,4160.152283,129109.280266,4829.285714,137191.142857,-0.011395
0.965659,0.000566,0.000573,0.033202,0.448830,4292.111056,133401.391322,5030.714286,142221.857143,-0.011595
0.965528,0.000583,0.000590,0.033299,0.445939,4426.680350,137828.071672,5223.142857,147445.000000,-0.011785
0.965393,0.000600,0.000609,0.033399,0.443006,4563.673921,142391.745593,5264.857143,152709.857143,-0.011964
0.965254,0.000617,0.000627,0.033502,0.440035,4703.034245,147094.779838,5343.714286,158053.571429,-0.012137
0.965112,0.000634,0.000646,0.033608,0.437025,4844.691666,151939.471503,5423.428571,163477.000000,-0.012303
0.964966,0.000651,0.000665,0.033718,0.433981,4988.542618,156928.014121,5479.571429,168956.571429,-0.012463
0.964816,0.000669,0.000685,0.033830,0.430903,5134.514505,162062.528626,5560.142857,174516.714286,-0.012615
0.964663,0.000687,0.000705,0.033946,0.427793,5282.471894,167345.000520,5595.142857,180111.857143,-0.012763
0.964505,0.000705,0.000725,0.034065,0.424654,5432.370167,172777.370687,5705.428571,185817.285714,-0.012904
0.964345,0.000723,0.000745,0.034188,0.421488,5584.056915,178361.427602,5760.285714,191577.571429,-0.013041
0.964180,0.000741,0.000765,0.034314,0.418295,5737.479514,184098.907116,5897.571429,197475.142857,-0.013174
0.964012,0.000759,0.000786,0.034443,0.415077,5892.532463,189991.439579,6045.857143,203521.000000,-0.013304
0.963840,0.000777,0.000807,0.034576,0.411835,6049.125145,196040.564724,6239.285714,209760.285714,-0.013430
0.963664,0.000796,0.000828,0.034712,0.408570,6207.168500,202247.733224,6482.000000,216242.285714,-0.013554
0.963484,0.000814,0.000849,0.034852,0.405284,6366.536941,208614.270165,6741.142857,222983.428571,-0.013669
0.963301,0.000833,0.000871,0.034995,0.401981,6526.980741,215141.250906,6893.714286,229877.142857,-0.013774
0.963114,0.000851,0.000892,0.035142,0.398662,6688.352724,221829.603630,7074.428571,236951.571429,-0.013868
0.962924,0.000870,0.000914,0.035293,0.395332,6850.324495,228679.928124,7073.428571,244025.000000,-0.013952
0.962730,0.000888,0.000935,0.035447,0.391992,7012.793549,235692.721674,7168.571429,251193.571429,-0.014030
0.962532,0.000906,0.000957,0.035605,0.388644,7175.529909,242868.251582,7188.571429,258382.142857,-0.014097
0.962330,0.000925,0.000979,0.035766,0.385293,7338.266576,250206.518159,7117.428571,265499.571429,-0.014154
0.962126,0.000943,0.001001,0.035931,0.381940,7500.830504,257707.348663,7061.571429,272561.142857,-0.014202
0.961917,0.000961,0.001022,0.036100,0.378588,7662.993876,265370.342539,6948.285714,279509.428571,-0.014247
0.961706,0.000978,0.001044,0.036272,0.375236,7824.709786,273195.052325,6989.714286,286499.142857,-0.014288
0.961491,0.000996,0.001065,0.036448,0.371889,7985.679224,281180.731549,6879.857143,293379.000000,-0.014314
0.961272,0.001013,0.001087,0.036628,0.368549,8145.618818,289326.350367,6668.857143,300047.857143,-0.014332
0.961051,0.001030,0.001108,0.036811,0.365218,8304.444129,297630.794496,6574.714286,306622.571429,-0.014353
0.960827,0.001047,0.001129,0.036998,0.361894,8462.159488,306092.953984,6679.428571,313302.000000,-0.014380
0.960599,0.001064,0.001150,0.037188,0.358577,8618.660259,314711.614243,6854.571429,320156.571429,-0.014404
0.960368,0.001080,0.001170,0.037381,0.355268,8773.758700,323485.372942,7019.428571,327176.000000,-0.014421
0.960135,0.001096,0.001191,0.037578,0.351971,8927.232384,332412.605326,7139.142857,334315.142857,-0.014429
0.959899,0.001112,0.001211,0.037779,0.348686,9078.912788,341491.518114,7279.000000,341594.142857,-0.014441
0.959659,0.001127,0.001231,0.037983,0.345411,9228.871596,350720.389710,7733.285714,349327.428571,-0.014457
0.959418,0.001142,0.001251,0.038190,0.342148,9376.900397,360097.290106,8132.714286,357460.142857,-0.014465
0.959173,0.001156,0.001270,0.038400,0.338900,9522.753737,369620.043843,8462.571429,365922.714286,-0.014464
0.958926,0.001171,0.001289,0.038614,0.335667,9666.281744,379286.325587,8841.571429,374764.285714,-0.014457
0.958677,0.001185,0.001308,0.038830,0.332452,9807.288469,389093.614056,9194.000000,383958.285714,-0.014438
0.958425,0.001198,0.001327,0.039050,0.329259,9945.496726,399039.110781,9405.428571,393363.714286,-0.014408
0.958171,0.001211,0.001345,0.039273,0.326088,10080.797466,409119.908247,9705.571429,403069.285714,-0.014370
0.957915,0.001223,0.001362,0.039499,0.322943,10212.954250,419332.862497,9886.285714,412955.571429,-0.014322
0.957657,0.001236,0.001380,0.039728,0.319825,10341.858016,429674.720513,10136.428571,423092.000000,-0.014266
0.957397,0.001247,0.001396,0.039959,0.316736,10467.290928,440142.011442,10267.857143,433359.857143,-0.014195
0.957135,0.001258,0.001413,0.040194,0.313681,10589.039787,450731.051229,10277.142857,443637.000000,-0.014111
0.956872,0.001269,0.001428,0.040431,0.310661,10707.000665,461438.051893,10314.714286,453951.714286,-0.014021
0.956607,0.001279,0.001443,0.040670,0.307676,10821.081558,472259.133451,10379.285714,464331.000000,-0.013920
0.956341,0.001288,0.001458,0.040912,0.304730,10931.100013,483190.233465,10300.857143,474631.857143,-0.013811
0.956074,0.001297,0.001472,0.041157,0.301824,11037.036391,494227.269856,10351.714286,484983.571429,-0.013700
0.955805,0.001306,0.001486,0.041403,0.298956,11138.855633,505366.125488,10490.571429,495474.142857,-0.013588
0.955535,0.001314,0.001499,0.041652,0.296128,11236.495964,516602.621453,10667.428571,506141.571429,-0.013468
0.955264,0.001321,0.001511,0.041903,0.293342,11329.832891,527932.454343,10745.571429,516887.142857,-0.013342
0.954992,0.001328,0.001523,0.042156,0.290597,11418.875496,539351.329839,10982.142857,527869.285714,-0.013211
0.954719,0.001335,0.001535,0.042411,0.287895,11503.533178,550854.863018,11154.571429,539023.857143,-0.013072
0.954446,0.001341,0.001545,0.042668,0.285237,11583.739141,562438.602159,11293.000000,550316.857143,-0.012922
0.954172,0.001346,0.001555,0.042927,0.282626,11659.427196,574098.029355,11367.857143,561684.714286,-0.012759
0.953898,0.001351,0.001565,0.043187,0.280063,11730.502731,585828.532086,11265.857143,572950.571429,-0.012583
0.953623,0.001355,0.001574,0.043448,0.277552,11796.962730,597625.494816,11172.142857,584122.714286,-0.012402
0.953348,0.001359,0.001582,0.043712,0.275090,11858.865883,609484.360699,11246.000000,595368.714286,-0.012220
0.953072,0.001362,0.001590,0.043976,0.272678,11916.182509,621400.543209,11236.428571,606605.142857,-0.012029
0.952797,0.001365,0.001597,0.044242,0.270318,11968.904339,633369.447547,11156.571429,617761.714286,-0.011828
0.952521,0.001367,0.001603,0.044508,0.268012,12017.036055,645386.483602,11002.285714,628764.000000,-0.011621
0.952246,0.001369,0.001609,0.044776,0.265759,12060.649849,657447.133452,10978.285714,639742.285714,-0.011413
0.951971,0.001370,0.001614,0.045045,0.263558,12099.787429,669546.920881,10992.428571,650734.714286,-0.011207
0.951696,0.001371,0.001619,0.045314,0.261408,12134.526319,681681.447199,11180.857143,661915.571429,-0.011000
0.951421,0.001372,0.001623,0.045584,0.259310,12164.885182,693846.332381,11311.857143,673227.428571,-0.010788
0.951147,0.001372,0.001626,0.045855,0.257264,12190.913853,706037.246235,11455.571429,684683.000000,-0.010570
0.950873,0.001371,0.001629,0.046127,0.255271,12212.649832,718249.896067,11519.000000,696202.000000,-0.010347
0.950600,0.001370,0.001631,0.046398,0.253330,12230.170906,730480.066973,11663.857143,707865.857143,-0.010126
0.950327,0.001369,0.001633,0.046671,0.251440,12243.564097,742723.631070,12007.857143,719873.714286,-0.009910
0.950055,0.001367,0.001634,0.046943,0.249600,12252.899401,754976.530471,12526.714286,732400.428571,-0.009690
0.949784,0.001365,0.001635,0.047216,0.247810,12258.188526,767234.718997,12704.857143,745105.285714,-0.009458
0.949513,0.001363,0.001635,0.047489,0.246074,12259.520781,779494.239778,12819.285714,757924.571429,-0.009218
0.949244,0.001360,0.001635,0.047761,0.244390,12256.989642,791751.229420,12982.571429,770907.142857,-0.008975
0.948975,0.001357,0.001634,0.048034,0.242759,12250.676156,804001.905576,13054.428571,783961.571429,-0.008725
0.948707,0.001353,0.001633,0.048307,0.241182,12240.675089,816242.580666,12950.000000,796911.571429,-0.008469
0.948440,0.001349,0.001631,0.048579,0.239659,12227.108214,828469.688880,12957.714286,809869.285714,-0.008212
0.948175,0.001345,0.001629,0.048851,0.238189,12210.074537,840679.763417,12918.857143,822788.142857,-0.007957
0.947911,0.001341,0.001626,0.049122,0.236771,12189.687887,852869.451304,13070.428571,835858.571429,-0.007706
0.947647,0.001336,0.001623,0.049393,0.235404,12166.040678,865035.491981,13300.571429,849159.142857,-0.007458
0.947386,0.001331,0.001619,0.049664,0.234087,12139.233289,877174.725271,13475.571429,862634.714286,-0.007208
0.947125,0.001326,0.001615,0.049934,0.232819,12109.375673,889284.100943,13713.857143,876348.571429,-0.006960
0.946866,0.001321,0.001611,0.050203,0.231601,12076.570231,901360.671174,13986.714286,890335.285714,-0.006703
0.946608,0.001315,0.001606,0.050471,0.230433,12040.962273,913401.633447,13523.428571,903858.714286,-0.006437
0.946351,0.001309,0.001601,0.050739,0.229318,12002.705016,925404.338464,13536.000000,917394.714286,-0.006179
0.946096,0.001303,0.001596,0.051005,0.228250,11961.864728,937366.203191,13809.000000,931203.714286,-0.005931
0.945843,0.001296,0.001590,0.051271,0.227228,11918.537563,949284.740755,14033.571429,945237.285714,-0.005686
0.945590,0.001290,0.001584,0.051536,0.226253,11872.831626,961157.572380,14345.428571,959582.714286,-0.005441
0.945340,0.001283,0.001577,0.051800,0.225323,11824.873086,972982.445466,14427.142857,974009.857143,-0.005191
0.945091,0.001276,0.001571,0.052062,0.224441,11774.818740,984757.264206,14270.000000,988279.857143,-0.004946
0.944843,0.001269,0.001564,0.052324,0.223601,11722.700586,996479.964792,15082.857143,1003362.714286,-0.004713
0.944597,0.001262,0.001557,0.052584,0.222804,11668.620217,1008148.585009,15263.142857,1018625.857143,-0.004475
0.944353,0.001255,0.001549,0.052843,0.222052,11612.776347,1019761.361356,15107.285714,1033733.142857,-0.004227
0.944110,0.001248,0.001541,0.053101,0.221344,11555.326116,1031316.687472,14821.714286,1048554.857143,-0.003976
0.943869,0.001240,0.001534,0.053358,0.220681,11496.416985,1042813.104456,14365.000000,1062919.857143,-0.003726
0.943629,0.001233,0.001526,0.053613,0.220062,11436.144565,1054249.249022,14148.571429,1077068.428571,-0.003484
0.943391,0.001225,0.001517,0.053867,0.219485,11374.585419,1065623.834440,14037.857143,1091106.285714,-0.003249
0.943155,0.001217,0.001509,0.054119,0.218949,11311.861081,1076935.695521,13754.857143,1104861.142857,-0.003015
0.942920,0.001210,0.001500,0.054370,0.218454,11248.098107,1088183.793628,13404.714286,1118265.857143,-0.002783
0.942687,0.001202,0.001492,0.054620,0.217999,11183.407875,1099367.201503,13021.428571,1131287.285714,-0.002555
0.942455,0.001194,0.001483,0.054868,0.217583,11117.886518,1110485.088021,12670.428571,1143957.714286,-0.002332
0.942225,0.001186,0.001474,0.055115,0.217205,11051.621119,1121536.709140,12355.714286,1156313.428571,-0.002113
0.941997,0.001178,0.001465,0.055360,0.216864,10984.732261,1132521.441401,11833.285714,1168146.714286,-0.001899
0.941770,0.001170,0.001456,0.055604,0.216560,10917.263023,1143438.704424,11708.714286,1179855.428571,-0.001692
0.941544,0.001162,0.001447,0.055846,0.216290,10849.304627,1154288.009051,11351.428571,1191206.857143,-0.001489
0.941321,0.001155,0.001438,0.056087,0.216055,10780.956902,1165068.965953,10989.857143,1202196.714286,-0.001290
0.941099,0.001147,0.001429,0.056326,0.215853,10712.296325,1175781.262278,10645.142857,1212841.857143,-0.001097
0.940878,0.001139,0.001420,0.056563,0.215683,10643.354137,1186424.616415,10574.142857,1223416.000000,-0.000912
0.940659,0.001131,0.001411,0.056799,0.215544,10574.199337,1196998.815752,10399.000000,1233815.000000,-0.000733
0.940441,0.001123,0.001401,0.057034,0.215435,10504.892961,1207503.708713,10326.571429,1244141.571429,-0.000558
0.940225,0.001116,0.001392,0.057267,0.215356,10435.509888,1217939.218601,10156.857143,1254298.428571,-0.000388
0.940011,0.001108,0.001383,0.057498,0.215304,10366.117282,1228305.335884,10012.000000,1264310.428571,-0.000223
0.939798,0.001100,0.001374,0.057728,0.215280,10296.751412,1238602.087296,10015.714286,1274326.142857,-0.000064
0.939586,0.001092,0.001364,0.057957,0.215283,10227.462697,1248829.549993,10006.714286,1284332.857143,0.000091
0.939376,0.001085,0.001355,0.058184,0.215311,10158.345495,1258987.895489,9759.000000,1294091.857143,0.000243
0.939168,0.001077,0.001346,0.058409,0.215365,10089.454602,1269077.350090,9609.000000,1303700.857143,0.000392
0.938961,0.001070,0.001337,0.058633,0.215443,10020.833110,1279098.183200,9463.428571,1313164.285714,0.000535
0.938755,0.001062,0.001328,0.058855,0.215546,9952.519503,1289050.702704,9379.285714,1322543.571429,0.000673
0.938550,0.001055,0.001319,0.059076,0.215671,9884.551440,1298935.254144,9321.428571,1331865.000000,0.000806
0.938347,0.001048,0.001310,0.059295,0.215818,9817.003057,1308752.257201,9046.000000,1340911.000000,0.000937
0.938146,0.001041,0.001301,0.059513,0.215988,9749.924264,1318502.181465,8805.857143,1349716.857143,0.001064
0.937945,0.001033,0.001292,0.059729,0.216179,9683.349117,1328185.530582,8574.857143,1358291.714286,0.001188
0.937746,0.001026,0.001283,0.059944,0.216390,9617.317477,1337802.848059,8309.571429,1366601.285714,0.001307
0.937549,0.001019,0.001274,0.060158,0.216622,9551.855657,1347354.703716,8108.571429,1374709.857143,0.001421
0.937352,0.001013,0.001266,0.060370,0.216873,9486.976219,1356841.679935,8010.142857,1382720.000000,0.001531
0.937157,0.001006,0.001257,0.060580,0.217142,9422.792134,1366264.472069,7260.857143,1389980.857143,0.001642
0.936963,0.000999,0.001248,0.060789,0.217431,9359.295906,1375623.767975,7062.000000,1397042.857143,0.001748
0.936771,0.000993,0.001240,0.060997,0.217737,9296.477111,1384920.245086,6853.000000,1403895.857143,0.001847
0.936579,0.000986,0.001232,0.061203,0.218060,9234.352694,1394154.597779,6697.000000,1410592.857143,0.001941
0.936389,0.000980,0.001224,0.061408,0.218399,9172.943652,1403327.541431,6520.428571,1417113.285714,0.002032
0.936200,0.000973,0.001216,0.061611,0.218754,9112.247129,1412439.788560,6532.000000,1423645.285714,0.002117
0.936012,0.000967,0.001208,0.061813,0.219123,9052.271197,1421492.059756,6536.142857,1430181.428571,0.002198
0.935825,0.000961,0.001200,0.062014,0.219506,8992.985699,1430485.045455,6930.571429,1437112.000000,0.002272
0.935639,0.000955,0.001192,0.062214,0.219901,8934.446705,1439419.492160,6813.714286,1443925.714286,0.002346
0.935455,0.000949,0.001184,0.062412,0.220311,8876.715898,1448296.208058,6580.571429,1450506.285714,0.002422
0.935271,0.000943,0.001177,0.062609,0.220733,8819.808112,1457116.016169,6387.428571,1456893.714286,0.002495
0.935089,0.000937,0.001169,0.062805,0.221169,8763.736401,1465879.752570,6153.428571,1463047.142857,0.002565
0.934907,0.000932,0.001162,0.062999,0.221617,8708.506090,1474588.258660,5978.142857,1469025.285714,0.002633
0.934727,0.000926,0.001154,0.063192,0.222077,8654.119332,1483242.377991,5826.285714,1474851.571429,0.002698
0.934548,0.000921,0.001147,0.063384,0.222549,8600.619027,1491842.997018,5340.428571,1480192.000000,0.002764
0.934369,0.000916,0.001140,0.063575,0.223034,8548.049037,1500391.046056,4688.571429,1484880.571429,0.002830
0.934192,0.000910,0.001133,0.063765,0.223530,8496.350563,1508887.396618,4712.285714,1489592.857143,0.002889
0.934015,0.000905,0.001127,0.063953,0.224037,8445.486993,1517332.883611,4728.000000,1494320.857143,0.002942
0.933840,0.000900,0.001120,0.064140,0.224553,8395.451675,1525728.335287,4860.428571,1499181.285714,0.002992
0.933665,0.000895,0.001113,0.064326,0.225079,8346.249490,1534074.584777,4917.142857,1504098.428571,0.003040
0.933491,0.000891,0.001107,0.064512,0.225614,8297.885437,1542372.470214,5006.428571,1509104.857143,0.003086
0.933318,0.000886,0.001101,0.064696,0.226157,8250.327641,1550622.797855,5432.857143,1514537.714286,0.003127
0.933146,0.000881,0.001094,0.064878,0.226708,8203.541620,1558826.339476,6042.571429,1520580.285714,0.003164
0.932975,0.000877,0.001088,0.065060,0.227266,8157.575988,1566983.915463,6056.714286,1526637.000000,0.003204
0.932804,0.000872,0.001082,0.065241,0.227833,8112.462134,1575096.377597,6141.285714,1532778.285714,0.003246
0.932635,0.000868,0.001076,0.065421,0.228409,8068.199781,1583164.577378,6183.142857,1538961.428571,0.003287
0.932466,0.000864,0.001070,0.065600,0.228992,8024.782300,1591189.359678,6325.857143,1545287.285714,0.003326
0.932298,0.000859,0.001065,0.065778,0.229583,7982.212059,1599171.571737,6364.571429,1551651.857143,0.003365
0.932131,0.000855,0.001059,0.065955,0.230182,7940.477633,1607112.049370,6599.857143,1558251.714286,0.003401
0.931964,0.000851,0.001054,0.066131,0.230788,7899.565124,1615011.614495,6849.285714,1565101.000000,0.003436
0.931798,0.000847,0.001048,0.066306,0.231402,7859.465722,1622871.080217,7186.714286,1572287.714286,0.003471
0.931633,0.000844,0.001043,0.066480,0.232023,7820.223536,1630691.303752,6892.285714,1579180.000000,0.003512
0.931468,0.000840,0.001038,0.066654,0.232654,7781.911000,1638473.214752,6111.714286,1585291.714286,0.003560
0.931304,0.000836,0.001033,0.066826,0.233294,7744.481000,1646217.695752,6248.857143,1591540.571429,0.003602
0.931141,0.000833,0.001028,0.066998,0.233942,7707.872546,1653925.568298,6423.714286,1597964.285714,0.003638
0.930978,0.000830,0.001023,0.067169,0.234598,7672.063277,1661597.631576,6843.142857,1604807.428571,0.003670
0.930816,0.000826,0.001019,0.067339,0.235261,7637.025511,1669234.657086,7427.428571,1612234.857143,0.003701
0.930655,0.000823,0.001014,0.067508,0.235930,7602.749142,1676837.406228,8010.428571,1620245.285714,0.003731
0.930494,0.000820,0.001010,0.067677,0.236606,7569.243488,1684406.649716,8456.142857,1628701.428571,0.003764
0.930333,0.000817,0.001005,0.067845,0.237289,7536.537667,1691943.187383,8581.000000,1637282.428571,0.003801
0.930173,0.000814,0.001001,0.068012,0.237981,7504.645448,1699447.832831,8752.000000,1646034.428571,0.003841
0.930014,0.000811,0.000997,0.068178,0.238682,7473.567300,1706921.400131,8843.142857,1654877.571429,0.003883
0.929855,0.000808,0.000993,0.068344,0.239392,7443.288787,1714364.688918,9199.428571,1664077.000000,0.003924
0.929697,0.000805,0.000989,0.068509,0.240111,7413.806376,1721778.495294,9350.000000,1673427.000000,0.003967
0.929539,0.000803,0.000985,0.068673,0.240840,7385.130861,1729163.626155,9498.714286,1682925.714286,0.004011
0.929381,0.000800,0.000981,0.068837,0.241578,7357.225613,1736520.851768,10234.571429,1693160.285714,0.004048
0.929224,0.000798,0.000978,0.069001,0.242323,7330.006220,1743850.857988,11841.285714,1705001.571429,0.004079
0.929067,0.000795,0.000974,0.069163,0.243076,7303.503083,1751154.361071,12154.428571,1717156.000000,0.004120
0.928911,0.000793,0.000971,0.069325,0.243840,7277.807558,1758432.168629,12188.714286,1729344.714286,0.004176
0.928755,0.000791,0.000968,0.069487,0.244616,7252.944508,1765685.113137,12063.428571,1741408.142857,0.004237
0.928599,0.000789,0.000964,0.069648,0.245405,7228.926172,1772914.039309,11878.000000,1753286.142857,0.004303
0.928444,0.000787,0.000961,0.069808,0.246209,7205.754813,1780119.794122,11717.714286,1765003.857143,0.004373
0.928289,0.000785,0.000958,0.069968,0.247029,7183.433586,1787303.227708,11490.428571,1776494.285714,0.004447
0.928134,0.000783,0.000955,0.070128,0.247864,7161.974998,1794465.202706,11126.428571,1787620.714286,0.004526
0.927979,0.000781,0.000953,0.070287,0.248716,7141.381120,1801606.583826,10907.428571,1798528.142857,0.004608
0.927825,0.000780,0.000950,0.070446,0.249586,7121.637610,1808728.221437,10875.571429,1809403.714286,0.004692
0.927671,0.000778,0.000947,0.070604,0.250474,7102.744950,1815830.966387,10724.571429,1820128.285714,0.004780
0.927517,0.000777,0.000945,0.070762,0.251381,7084.712944,1822915.679331,10617.571429,1830745.857143,0.004874
0.927363,0.000775,0.000943,0.070919,0.252308,7067.554607,1829983.233938,10332.714286,1841078.571429,0.004975
0.927209,0.000774,0.000941,0.071076,0.253258,7051.285041,1837034.518980,10085.714286,1851164.285714,0.005082
0.927056,0.000773,0.000939,0.071233,0.254230,7035.908709,1844070.427689,9882.857143,1861047.142857,0.005194
0.926902,0.000772,0.000937,0.071389,0.255227,7021.435586,1851091.863275,9633.000000,1870680.142857,0.005312
0.926749,0.000771,0.000935,0.071545,0.256250,7007.875667,1858099.738942,9464.285714,1880144.428571,0.005437
0.926596,0.000770,0.000933,0.071701,0.257300,6995.243118,1865094.982061,9182.285714,1889326.714286,0.005569
0.926442,0.000770,0.000932,0.071857,0.258378,6983.556684,1872078.538745,8934.571429,1898261.285714,0.005709
0.926289,0.000769,0.000930,0.072012,0.259488,6972.829196,1879051.367941,8721.428571,1906982.714286,0.005856
0.926136,0.000769,0.000929,0.072167,0.260629,6963.074645,1886014.442586,8559.000000,1915541.714286,0.006010
0.925982,0.000768,0.000928,0.072322,0.261804,6954.311357,1892968.753943,8381.571429,1923923.285714,0.006172
0.925829,0.000768,0.000927,0.072476,0.263015,6946.556025,1899915.309968,8339.857143,1932263.142857,0.006341
0.925675,0.000768,0.000926,0.072631,0.264262,6939.823672,1906855.133640,8360.571429,1940623.714286,0.006520
0.925522,0.000768,0.000925,0.072785,0.265550,6934.146843,1913789.280483,8202.285714,1948826.000000,0.006710
0.925368,0.000768,0.000924,0.072940,0.266880,6929.564258,1920718.844741,8037.285714,1956863.285714,0.006913
0.925214,0.000769,0.000924,0.073094,0.268255,6926.109135,1927644.953875,7861.714286,1964725.000000,0.007126
0.925059,0.000769,0.000924,0.073248,0.269677,6923.816859,1934568.770735,7697.142857,1972422.142857,0.007351
0.924905,0.000770,0.000923,0.073402,0.271151,6922.724754,1941491.495489,7549.428571,1979971.571429,0.007589
0.924750,0.000771,0.000923,0.073556,0.272677,6922.875747,1948414.371236,7368.714286,1987340.285714,0.007839
0.924594,0.000772,0.000924,0.073710,0.274260,6924.315448,1955338.686684,7225.142857,1994565.428571,0.008103
0.924439,0.000773,0.000924,0.073864,0.275903,6927.095856,1962265.782540,7003.142857,2001568.571429,0.008382
0.924282,0.000774,0.000925,0.074019,0.277609,6931.273557,1969197.056096,6804.857143,2008373.428571,0.008676
0.924126,0.000776,0.000925,0.074173,0.279382,6936.907373,1976133.963469,6585.285714,2014958.714286,0.008984
0.923968,0.000778,0.000926,0.074328,0.281226,6944.057862,1983078.021332,6450.142857,2021408.857143,0.009306
0.923810,0.000780,0.000927,0.074482,0.283145,6952.787360,1990030.808692,6378.142857,2027787.000000,0.009642
0.923652,0.000782,0.000929,0.074637,0.285141,6963.166016,1996993.974708,6347.000000,2034134.000000,0.009995
0.923492,0.000785,0.000930,0.074792,0.287219,6975.272991,2003969.247698,6319.285714,2040453.285714,0.010367
0.923332,0.000788,0.000932,0.074948,0.289385,6989.220202,2010958.467901,5820.285714,2046273.571429,0.010764
0.923171,0.000791,0.000934,0.075104,0.291646,7005.126805,2017963.594706,5218.714286,2051492.285714,0.011175
0.923009,0.000794,0.000937,0.075260,0.294003,7023.060958,2024986.655663,5328.428571,2056820.714286,0.011595
0.922846,0.000798,0.000940,0.075416,0.296459,7043.105059,2032029.760723,5427.142857,2062247.857143,0.012029
0.922682,0.000802,0.000942,0.075573,0.299021,7065.380947,2039095.141670,5469.714286,2067717.571429,0.012482
0.922517,0.000806,0.000946,0.075731,0.301692,7090.020463,2046185.162132,5467.142857,2073184.714286,0.012951
0.922350,0.000811,0.000949,0.075889,0.304478,7117.159591,2053302.321724,5505.000000,2078689.714286,0.013432
0.922182,0.000816,0.000953,0.076048,0.307381,7146.916838,2060449.238562,6009.428571,2084699.142857,0.013921
0.922013,0.000822,0.000958,0.076208,0.310405,7179.432313,2067628.670875,6521.000000,2091220.142857,0.014427
0.921842,0.000828,0.000962,0.076368,0.313557,7214.910850,2074843.581725,6396.285714,2097616.428571,0.014955
0.921669,0.000834,0.000968,0.076529,0.316843,7253.552402,2082097.134127,6278.000000,2103894.428571,0.015496
0.921494,0.000841,0.000973,0.076691,0.320265,7295.547187,2089392.681314,6161.857143,2110056.285714,0.016045
0.921318,0.000849,0.000979,0.076854,0.323828,7341.093679,2096733.774993,6112.714286,2116169.000000,0.016599
0.921139,0.000857,0.000986,0.077018,0.327535,7390.405547,2104124.180540,6051.571429,2122220.571429,0.017156
0.920958,0.000866,0.000993,0.077183,0.331386,7443.706548,2111567.887089,6058.000000,2128278.571429,0.017712
0.920775,0.000875,0.001001,0.077350,0.335383,7501.234570,2119069.121658,6074.285714,2134352.857143,0.018262
0.920589,0.000885,0.001009,0.077518,0.339527,7563.239285,2126632.360943,6144.000000,2140496.857143,0.018805
0.920400,0.000896,0.001018,0.077687,0.343817,7629.989127,2134262.350070,6156.857143,2146653.714286,0.019334
0.920208,0.000907,0.001027,0.077857,0.348251,7701.760328,2141964.110398,6232.571429,2152886.285714,0.019845
0.920013,0.000919,0.001038,0.078030,0.352826,7778.845670,2149742.956068,6263.571429,2159149.857143,0.020333
0.919815,0.000932,0.001049,0.078204,0.357536,7861.549771,2157604.505839,6289.857143,2165439.714286,0.020791
0.919613,0.000946,0.001061,0.078380,0.362377,7950.191728,2165554.697567,6250.142857,2171689.857143,0.021213
0.919408,0.000961,0.001073,0.078558,0.367339,8045.094089,2173599.791656,6272.571429,2177962.428571,0.021591
0.919199,0.000977,0.001087,0.078738,0.372413,8146.588123,2181746.379779,6341.857143,2184304.285714,0.021918
0.918985,0.000994,0.001101,0.078920,0.377585,8255.014691,2190001.394469,6455.857143,2190760.142857,0.022186
0.918767,0.001011,0.001117,0.079105,0.382841,8370.726470,2198372.120940,6554.857143,2197315.000000,0.022390
0.918544,0.001030,0.001133,0.079292,0.388165,8494.084591,2206866.205531,6616.142857,2203931.142857,0.022523
0.918316,0.001050,0.001151,0.079483,0.393539,8625.453196,2215491.658726,6665.000000,2210596.142857,0.022575
0.918083,0.001072,0.001169,0.079676,0.398941,8765.192893,2224256.851620,6798.857143,2217395.000000,0.022541
0.917845,0.001094,0.001189,0.079872,0.404349,8913.668497,2233170.520117,6958.714286,2224353.714286,0.022414
0.917600,0.001118,0.001210,0.080072,0.409738,9071.252970,2242241.773087,6991.142857,2231344.857143,0.022190
0.917349,0.001142,0.001232,0.080276,0.415082,9238.309102,2251480.082188,6994.428571,2238339.285714,0.021862
0.917092,0.001169,0.001256,0.080483,0.420353,9415.187138,2260895.269326,7057.285714,2245396.571429,0.021424
0.916828,0.001196,0.001281,0.080694,0.425522,9602.229487,2270497.498813,7152.714286,2252549.285714,0.020875
0.916557,0.001225,0.001307,0.080910,0.430559,9799.771315,2280297.270128,7172.000000,2259721.285714,0.020209
0.916279,0.001256,0.001335,0.081130,0.435432,10008.114884,2290305.385013,7447.000000,2267168.285714,0.019424
0.915993,0.001288,0.001364,0.081355,0.440109,10227.557193,2300532.942206,7761.142857,2274929.428571,0.018526
0.915699,0.001321,0.001395,0.081585,0.444562,10458.390519,2310991.332725,7605.857143,2282535.285714,0.017513
0.915396,0.001356,0.001427,0.081820,0.448758,10700.826391,2321692.159116,8118.571429,2290653.857143,0.016379
0.915085,0.001392,0.001461,0.082061,0.452666,10955.083830,2332647.242945,8795.285714,2299449.142857,0.015134
0.914766,0.001430,0.001497,0.082308,0.456257,11221.352296,2343868.595241,9319.857143,2308769.000000,0.013788
0.914437,0.001469,0.001534,0.082560,0.459507,11499.771812,2355368.367053,9696.428571,2318465.428571,0.012345
0.914098,0.001509,0.001573,0.082820,0.462389,11790.424725,2367158.791778,10369.571429,2328835.000000,0.010809
0.913750,0.001551,0.001613,0.083085,0.464881,12093.359753,2379252.151532,11121.000000,2339956.000000,0.009185
0.913392,0.001595,0.001655,0.083358,0.466959,12408.564263,2391660.715794,12549.857143,2352505.857143,0.007490
0.913025,0.001639,0.001699,0.083637,0.468609,12735.997150,2404396.712944,12944.714286,2365450.571429,0.005753
0.912647,0.001685,0.001744,0.083924,0.469824,13075.479279,2417472.192223,12682.428571,2378133.000000,0.003975
0.912258,0.001732,0.001791,0.084219,0.470589,13426.763874,2430898.956098,13226.285714,2391359.285714,0.002155
0.911859,0.001780,0.001839,0.084522,0.470898,13789.580629,2444688.536726,13694.714286,2405054.000000,0.000303
0.911449,0.001829,0.001889,0.084833,0.470741,14163.566959,2458852.103685,14902.000000,2419956.000000,-0.001570
0.911028,0.001879,0.001941,0.085152,0.470115,14548.310690,2473400.414374,16218.857143,2436174.857143,-0.003447
0.910597,0.001930,0.001993,0.085480,0.469023,14943.288347,2488343.702721,17518.142857,2453693.000000,-0.005314
0.910155,0.001981,0.002047,0.085817,0.467468,15347.895690,2503691.598411,19207.857143,2472900.857143,-0.007164
0.909702,0.002032,0.002103,0.086163,0.465456,15761.466597,2519453.065008,21301.857143,2494202.714286,-0.008968
0.909238,0.002084,0.002159,0.086519,0.463006,16183.176722,2535636.241730,22015.571429,2516218.285714,-0.010692
0.908764,0.002137,0.002216,0.086883,0.460139,16612.026545,2552248.268276,22370.000000,2538588.285714,-0.012336
0.908280,0.002189,0.002274,0.087258,0.456877,17047.002092,2569295.270368,22921.142857,2561509.428571,-0.013899
0.907785,0.002240,0.002333,0.087642,0.453242,17487.024855,2586782.295223,23276.571429,2584786.000000,-0.015365
0.907280,0.002292,0.002392,0.088036,0.449261,17930.910880,2604713.206103,23443.714286,2608229.714286,-0.016724
0.906766,0.002343,0.002451,0.088440,0.444966,18377.407073,2623090.613176,23460.857143,2631690.571429,-0.017972
0.906242,0.002393,0.002511,0.088854,0.440384,18825.222463,2641915.835639,23713.000000,2655403.571429,-0.019104
0.905709,0.002442,0.002571,0.089278,0.435550,19273.029120,2661188.864758,23707.285714,2679110.857143,-0.020112
0.905168,0.002490,0.002630,0.089711,0.430495,19719.442513,2680908.307271,23841.857143,2702952.714286,-0.020998
0.904618,0.002537,0.002690,0.090155,0.425254,20163.095649,2701071.402920,24132.142857,2727084.857143,-0.021760
0.904060,0.002583,0.002748,0.090609,0.419858,20602.611890,2721674.014810,24358.000000,2751442.857143,-0.022391
0.903495,0.002627,0.002806,0.091072,0.414345,21036.602482,2742710.617292,24371.142857,2775814.000000,-0.022891
0.902923,0.002670,0.002863,0.091544,0.408749,21463.700294,2764174.317586,24345.428571,2800159.428571,-0.023263
0.902344,0.002710,0.002919,0.092027,0.403101,21882.599540,2786056.917126,24107.571429,2824267.000000,-0.023516
0.901759,0.002749,0.002974,0.092518,0.397432,22292.045885,2808348.963010,24053.857143,2848320.857143,-0.023656
0.901169,0.002786,0.003027,0.093018,0.391771,22690.897996,2831039.861006,23726.142857,2872047.000000,-0.023688
0.900573,0.002821,0.003079,0.093527,0.386143,23078.055338,2854117.916344,23327.571429,2895374.571429,-0.023619
0.899972,0.002854,0.003128,0.094045,0.380574,23452.540903,2877570.457247,22700.000000,2918074.571429,-0.023461
0.899367,0.002886,0.003177,0.094571,0.375082,23813.459969,2901383.917216,22189.142857,2940263.714286,-0.023233
0.898758,0.002915,0.003223,0.095104,0.369683,24160.059483,2925543.976699,21824.571429,2962088.285714,-0.022943
0.898146,0.002941,0.003267,0.095646,0.364390,24491.699586,2950035.676284,21423.000000,2983511.285714,-0.022594
0.897530,0.002966,0.003309,0.096194,0.359217,24807.836119,2974843.512404,20793.571429,3004304.857143,-0.022201
0.896912,0.002989,0.003349,0.096750,0.354169,25107.965187,2999951.477591,20626.857143,3024931.714286,-0.021783
0.896291,0.003010,0.003387,0.097312,0.349252,25391.764075,3025343.241665,20668.714286,3045600.428571,-0.021343
0.895669,0.003028,0.003423,0.097880,0.344468,25658.975496,3051002.217162,20748.142857,3066348.571429,-0.020884
0.895045,0.003045,0.003456,0.098454,0.339820,25909.392885,3076911.610046,20960.571429,3087309.142857,-0.020405
0.894419,0.003060,0.003487,0.099033,0.335312,26142.948602,3103054.558648,20815.000000,3108124.142857,-0.019911
0.893793,0.003072,0.003516,0.099618,0.330945,26359.536631,3129414.095279,20824.857143,3128949.000000,-0.019417
0.893167,0.003083,0.003543,0.100207,0.326714,26559.143293,3155973.238571,21155.857143,3150104.857143,-0.018925
0.892540,0.003092,0.003567,0.100800,0.322619,26741.903002,3182715.141573,21212.142857,3171317.000000,-0.018433
0.891914,0.003100,0.003589,0.101397,0.318657,26907.882199,3209623.023772,21358.857143,3192675.857143,-0.017949
0.891288,0.003105,0.003609,0.101997,0.314825,27057.198629,3236680.222402,21755.142857,3214431.000000,-0.017476
0.890663,0.003109,0.003627,0.102601,0.311118,27190.091983,3263870.314385,21961.142857,3236392.142857,-0.017020
0.890039,0.003111,0.003643,0.103207,0.307529,27306.632941,3291176.947326,22793.142857,3259185.285714,-0.016586
0.889417,0.003111,0.003656,0.103816,0.304053,27407.089651,3318584.036977,23699.571429,3282884.857143,-0.016167
0.888796,0.003110,0.003667,0.104427,0.300687,27491.754272,3346075.791249,24374.714286,3307259.571429,-0.015755
0.888177,0.003107,0.003677,0.105039,0.297427,27560.902633,3373636.693882,24878.428571,3332138.000000,-0.015364
0.887561,0.003103,0.003684,0.105653,0.294266,27614.593235,3401251.287117,26272.142857,3358410.142857,-0.015008
0.886946,0.003097,0.003689,0.106268,0.291194,27653.072069,3428904.359186,28107.142857,3386517.285714,-0.014673
0.886335,0.003090,0.003692,0.106883,0.288209,27676.766049,3456581.125235,29449.142857,3415966.428571,-0.014343
0.885726,0.003081,0.003693,0.107500,0.285309,27685.954370,3484267.079606,30653.428571,3446619.857143,-0.014023
0.885120,0.003071,0.003693,0.108116,0.282490,27680.970291,3511948.049897,31693.714286,3478313.571429,-0.013710
0.884518,0.003060,0.003690,0.108732,0.279751,27662.207062,3539610.256960,32387.285714,3510700.857143,-0.013404
0.883920,0.003048,0.003686,0.109347,0.277089,27630.071293,3567240.328253,32693.428571,3543394.285714,-0.013094
0.883325,0.003034,0.003680,0.109961,0.274505,27585.247846,3594825.576099,31653.428571,3575047.714286,-0.012768
0.882734,0.003020,0.003672,0.110574,0.272003,27528.363490,3622353.939589,29357.857143,3604405.571429,-0.012467
0.882147,0.003004,0.003663,0.111186,0.269568,27458.865166,3649812.804756,30100.857143,3634506.428571,-0.012219
0.881565,0.002987,0.003652,0.111796,0.267191,27377.375207,3677190.179962,30552.571429,3665059.000000,-0.011997
0.880988,0.002969,0.003640,0.112404,0.264870,27284.257679,3704474.437641,30854.000000,3695913.000000,-0.011785
0.880415,0.002950,0.003626,0.113009,0.262602,27179.943619,3731654.381261,30819.428571,3726732.428571,-0.011583
0.879847,0.002930,0.003610,0.113613,0.260384,27064.771043,3758719.152303,30751.428571,3757483.857143,-0.011404
0.879284,0.002910,0.003594,0.114213,0.258209,26938.760979,3785657.913282,31788.714286,3789272.571429,-0.011257
0.878726,0.002888,0.003575,0.114811,0.256072,26802.171500,3812460.084782,33262.142857,3822534.714286,-0.011114
0.878173,0.002865,0.003556,0.115406,0.253975,26656.130576,3839116.215358,32064.142857,3854598.857143,-0.010955
0.877625,0.002842,0.003535,0.115998,0.251920,26500.865553,3865617.080911,30923.571429,3885522.428571,-0.010801
0.877083,0.002818,0.003513,0.116585,0.249904,26336.750202,3891953.831113,29702.285714,3915224.714286,-0.010665
0.876547,0.002793,0.003490,0.117169,0.247922,26164.011921,3918117.843034,28873.000000,3944097.714286,-0.010550
0.876017,0.002768,0.003466,0.117750,0.245970,25982.881612,3944100.724646,28448.428571,3972546.142857,-0.010454
0.875492,0.002741,0.003441,0.118326,0.244044,25793.794504,3969894.519150,27689.000000,4000235.142857,-0.010369
0.874973,0.002715,0.003415,0.118897,0.242144,25597.074531,3995491.593680,26910.714286,4027145.857143,-0.010296
0.874461,0.002687,0.003387,0.119465,0.240265,25393.025494,4020884.619175,26193.714286,4053339.571429,-0.010235
0.873954,0.002659,0.003359,0.120027,0.238407,25181.985047,4046066.604222,25403.857143,4078743.428571,-0.010188
0.873454,0.002631,0.003330,0.120585,0.236566,24964.216174,4071030.820396,24785.714286,4103529.142857,-0.010154
0.872960,0.002602,0.003300,0.121138,0.234739,24739.975017,4095770.795413,24355.000000,4127884.142857,-0.010135
0.872472,0.002572,0.003269,0.121686,0.232925,24509.501757,4120280.297169,24151.285714,4152035.428571,-0.010129
0.871991,0.002542,0.003238,0.122229,0.231120,24273.149837,4144553.447006,23735.285714,4175770.714286,-0.010130
0.871516,0.002511,0.003206,0.122767,0.229325,24031.280283,4168584.727289,23054.571429,4198825.285714,-0.010137
0.871048,0.002480,0.003173,0.123299,0.227537,23784.187074,4192368.914363,22343.000000,4221168.285714,-0.010151
0.870586,0.002449,0.003139,0.123826,0.225756,23532.179970,4215901.094333,21515.571429,4242683.857143,-0.010173
0.870131,0.002417,0.003105,0.124347,0.223981,23275.541245,4239176.635578,20658.285714,4263342.142857,-0.010205
0.869683,0.002385,0.003070,0.124862,0.222208,23014.416114,4262191.051691,20283.285714,4283625.428571,-0.010249
0.869241,0.002353,0.003035,0.125371,0.220438,22749.083360,4284940.135051,19818.571429,4303444.000000,-0.010293
0.868806,0.002321,0.002999,0.125874,0.218671,22480.264838,4307420.399889,17496.571429,4320940.571429,-0.010337
0.868378,0.002288,0.002962,0.126371,0.216906,22207.678774,4329628.078663,17458.714286,4338399.285714,-0.010402
0.867957,0.002255,0.002926,0.126862,0.215137,21931.480147,4351559.558811,17603.571429,4356002.857143,-0.010484
0.867543,0.002222,0.002888,0.127347,0.213365,21651.845217,4373211.404028,17999.571429,4374002.428571,-0.010576
0.867136,0.002188,0.002851,0.127826,0.211587,21368.975098,4394580.379126,18518.428571,4392520.857143,-0.010672
0.866735,0.002154,0.002812,0.128298,0.209804,21083.157067,4415663.536193,18789.714286,4411310.571429,-0.010772
0.866341,0.002121,0.002774,0.128764,0.208016,20794.629804,4436458.165997,19039.714286,4430350.285714,-0.010879
0.865955,0.002087,0.002735,0.129224,0.206220,20503.360083,4456961.526080,20404.857143,4450755.142857,-0.010990
0.865575,0.002053,0.002696,0.129677,0.204418,20209.971892,4477171.497972,19828.857143,4470584.000000,-0.011092
0.865202,0.002018,0.002657,0.130123,0.202612,19914.743012,4497086.240984,19249.857143,4489833.857143,-0.011189
0.864836,0.001984,0.002617,0.130563,0.200802,19617.872809,4516704.113793,18698.000000,4508531.857143,-0.011288
0.864477,0.001950,0.002577,0.130996,0.198989,19319.590070,4536023.703862,18014.571429,4526546.428571,-0.011388
0.864124,0.001916,0.002537,0.131423,0.197172,19020.037379,4555043.741242,17610.142857,4544156.571429,-0.011491
0.863779,0.001882,0.002497,0.131843,0.195351,18719.345340,4573763.086582,17452.714286,4561609.285714,-0.011599
0.863440,0.001847,0.002457,0.132256,0.193525,18417.675854,4592180.762436,17388.714286,4578998.000000,-0.011708
0.863108,0.001813,0.002416,0.132662,0.191696,18115.241748,4610296.004185,17190.857143,4596188.857143,-0.011815
0.862783,0.001779,0.002376,0.133062,0.189864,17812.230751,4628108.234936,17016.428571,4613205.285714,-0.011921
0.862465,0.001745,0.002336,0.133454,0.188029,17508.797869,4645617.032805,16980.142857,4630185.428571,-0.012022
0.862153,0.001711,0.002295,0.133840,0.186193,17205.321870,4662822.354675,15915.142857,4646100.571429,-0.012116
0.861848,0.001678,0.002255,0.134220,0.184357,16901.829071,4679724.183745,15887.285714,4661987.857143,-0.012211
0.861550,0.001644,0.002214,0.134592,0.182521,16598.448698,4696322.632444,15830.142857,4677818.000000,-0.012305
0.861258,0.001611,0.002174,0.134958,0.180685,16295.405174,4712618.037618,15528.571429,4693346.571429,-0.012393
0.860972,0.001577,0.002133,0.135317,0.178852,15992.847228,4728610.884846,15432.000000,4708778.571429,-0.012476
0.860693,0.001544,0.002093,0.135669,0.177021,15690.957653,4744301.842499,15220.285714,4723998.857143,-0.012552
0.860421,0.001511,0.002053,0.136015,0.175194,15389.952419,4759691.794918,14800.285714,4738799.142857,-0.012624
0.860154,0.001479,0.002013,0.136354,0.173373,15089.822908,4774781.617826,15429.571429,4754228.714286,-0.012692
0.859894,0.001446,0.001973,0.136687,0.171557,14790.858533,4789572.476359,15043.428571,4769272.142857,-0.012749
0.859640,0.001414,0.001933,0.137012,0.169749,14493.259933,4804065.736292,14814.857143,4784087.000000,-0.012792
0.859392,0.001382,0.001894,0.137332,0.167951,14197.238874,4818262.975166,14259.428571,4798346.428571,-0.012823
0.859150,0.001351,0.001855,0.137644,0.166165,13902.988478,4832165.963644,13642.571429,4811989.000000,-0.012843
0.858914,0.001320,0.001816,0.137950,0.164392,13610.655617,4845776.619261,13124.000000,4825113.000000,-0.012853
0.858684,0.001289,0.001777,0.138250,0.162634,13320.367291,4859096.986552,12750.285714,4837863.285714,-0.012854
0.858460,0.001258,0.001738,0.138543,0.160891,13032.232944,4872129.219495,12598.714286,4850462.000000,-0.012847
0.858242,0.001228,0.001700,0.138830,0.159165,12746.370681,4884875.590177,12575.142857,4863037.142857,-0.012829
0.858029,0.001198,0.001662,0.139110,0.157457,12462.918187,4897338.508364,12582.857143,4875620.000000,-0.012800
0.857821,0.001169,0.001625,0.139385,0.155769,12182.006043,4909520.514407,12688.857143,4888308.857143,-0.012758
0.857620,0.001140,0.001588,0.139653,0.154102,11903.765397,4921424.279804,12841.142857,4901150.000000,-0.012701
0.857423,0.001111,0.001551,0.139915,0.152458,11628.357390,4933052.637194,12843.428571,4913993.428571,-0.012629
0.857232,0.001083,0.001515,0.140170,0.150838,11355.932765,4944408.569959,12819.714286,4926813.142857,-0.012540
0.857046,0.001055,0.001479,0.140420,0.149245,11086.648130,4955495.218089,12636.857143,4939450.000000,-0.012433
0.856865,0.001028,0.001443,0.140664,0.147681,10820.635787,4966315.853877,12482.714286,4951932.714286,-0.012310
0.856689,0.001001,0.001408,0.140902,0.146146,10558.000207,4976873.854084,12420.857143,4964353.571429,-0.012171
0.856517,0.000975,0.001374,0.141134,0.144643,10298.863741,4987172.717824,12254.000000,4976607.571429,-0.012014
0.856351,0.000949,0.001340,0.141360,0.143174,10043.342040,4997216.059864,12082.285714,4988689.857143,-0.011840
0.856190,0.000923,0.001306,0.141581,0.141738,9791.510593,5007007.570457,12101.857143,5000791.714286,-0.011651
0.856033,0.000898,0.001273,0.141796,0.140339,9543.473103,5016551.043560,11952.285714,5012744.000000,-0.011443
0.855880,0.000874,0.001240,0.142006,0.138977,9299.326488,5025850.370048,11821.857143,5024565.857143,-0.011217
0.855732,0.000849,0.001208,0.142210,0.137655,9059.153061,5034909.523109,11661.142857,5036227.000000,-0.010973
0.855588,0.000826,0.001177,0.142409,0.136372,8823.020638,5043732.543747,11554.142857,5047781.142857,-0.010711
0.855448,0.000803,0.001146,0.142603,0.135132,8591.035186,5052323.578934,11074.142857,5058855.285714,-0.010428
0.855313,0.000780,0.001116,0.142791,0.133935,8363.278056,5060686.856990,10591.714286,5069447.000000,-0.010126
0.855181,0.000758,0.001086,0.142975,0.132783,8139.800425,5068826.657415,10068.142857,5079515.142857,-0.009808
0.855053,0.000737,0.001057,0.143153,0.131676,7920.641796,5076747.299210,9559.285714,5089074.428571,-0.009472
0.854929,0.000715,0.001028,0.143327,0.130616,7705.841870,5084453.141081,8959.285714,5098033.714286,-0.009122
0.854809,0.000695,0.001000,0.143496,0.129604,7495.398352,5091948.539433,8648.571429,5106682.285714,-0.008758
0.854692,0.000675,0.000972,0.143661,0.128640,7289.298705,5099237.838138,8433.285714,5115115.571429,-0.008379
0.854579,0.000655,0.000945,0.143820,0.127726,7087.637472,5106325.475610,7347.571429,5122463.142857,-0.007982
0.854469,0.000636,0.000919,0.143976,0.126862,6890.380461,5113215.856071,7158.428571,5129621.571429,-0.007575
0.854362,0.000618,0.000893,0.144127,0.126048,6697.469222,5119913.325293,6928.857143,5136550.428571,-0.007159
0.854258,0.000599,0.000868,0.144274,0.125285,6508.894356,5126422.219649,6736.857143,5143287.285714,-0.006731
0.854158,0.000582,0.000844,0.144417,0.124572,6324.636540,5132746.856188,6573.571429,5149860.857143,-0.006293
0.854060,0.000565,0.000820,0.144555,0.123912,6144.670509,5138891.526698,6451.857143,5156312.714286,-0.005844
0.853966,0.000548,0.000796,0.144690,0.123304,5968.964751,5144860.491449,6378.142857,5162690.857143,-0.005387
0.853874,0.000532,0.000773,0.144821,0.122747,5797.449172,5150657.940621,6736.428571,5169427.285714,-0.004922
0.853785,0.000516,0.000751,0.144948,0.122244,5630.137571,5156288.078192,6276.571429,5175703.857143,-0.004445
0.853699,0.000501,0.000729,0.145072,0.121793,5467.039191,5161755.117384,5802.571429,5181506.428571,-0.003959
0.853615,0.000486,0.000708,0.145192,0.121397,5308.096464,5167063.213847,5482.428571,5186988.857143,-0.003467
0.853533,0.000471,0.000687,0.145308,0.121054,5153.254216,5172216.468063,5139.428571,5192128.285714,-0.002972
0.853455,0.000457,0.000667,0.145421,0.120764,5002.452295,5177218.920359,4924.857143,5197053.142857,-0.002473
0.853378,0.000443,0.000648,0.145531,0.120529,4855.622355,5182074.542714,4814.000000,5201867.142857,-0.001973
0.853304,0.000430,0.000629,0.145637,0.120346,4712.712384,5186787.255098,4587.714286,5206454.857143,-0.001470
0.853232,0.000417,0.000610,0.145741,0.120217,4573.670197,5191360.925295,4363.714286,5210818.571429,-0.000965
0.853162,0.000405,0.000592,0.145841,0.120142,4438.429303,5195799.354598,4225.714286,5215044.285714,-0.000461
0.853094,0.000393,0.000575,0.145939,0.120120,4306.928677,5200106.283276,4020.142857,5219064.428571,0.000042
0.853028,0.000381,0.000557,0.146033,0.120151,4179.104927,5204285.388202,3865.142857,5222929.571429,0.000544
0.852965,0.000370,0.000541,0.146125,0.120235,4054.889869,5208340.278071,3732.428571,5226662.000000,0.001042
0.852903,0.000359,0.000525,0.146214,0.120372,3934.212921,5212274.490992,3668.000000,5230330.000000,0.001538
0.852843,0.000348,0.000509,0.146300,0.120561,3817.018130,5216091.509122,3403.000000,5233733.000000,0.002029
0.852784,0.000338,0.000494,0.146384,0.120802,3703.245729,5219794.754851,3157.571429,5236890.571429,0.002515
0.852728,0.000328,0.000479,0.146465,0.121095,3592.827031,5223387.581882,2908.428571,5239799.000000,0.002995
0.852673,0.000318,0.000465,0.146544,0.121439,3485.691002,5226873.272885,2706.714286,5242505.714286,0.003468
0.852620,0.000308,0.000451,0.146621,0.121835,3381.767816,5230255.040701,2497.714286,5245003.428571,0.003933
0.852568,0.000299,0.000438,0.146695,0.122281,3280.982656,5233536.023357,2408.428571,5247411.857143,0.004390
0.852518,0.000291,0.000425,0.146767,0.122777,3183.262462,5236719.285819,2333.428571,5249745.285714,0.004837
0.852469,0.000282,0.000412,0.146837,0.123323,3088.545011,5239807.830831,2152.857143,5251898.142857,0.005275
0.852422,0.000274,0.000400,0.146904,0.123918,2996.764115,5242804.594945,2015.571429,5253913.714286,0.005703
0.852376,0.000266,0.000388,0.146970,0.124561,2907.847021,5245712.441966,1953.428571,5255867.142857,0.006120
0.852332,0.000258,0.000376,0.147034,0.125253,2821.724674,5248534.166640,1889.000000,5257756.142857,0.006525
0.852288,0.000251,0.000365,0.147096,0.125991,2738.330554,5251272.497194,1833.714286,5259589.857143,0.006919
0.852246,0.000243,0.000355,0.147156,0.126776,2657.598764,5253930.095958,1776.571429,5261366.428571,0.007300
0.852205,0.000237,0.000344,0.147214,0.127607,2579.463071,5256509.559029,1742.428571,5263108.857143,0.007669
0.852166,0.000230,0.000334,0.147271,0.128484,2503.858645,5259013.417674,1698.000000,5264806.857143,0.008024
0.852127,0.000223,0.000324,0.147326,0.129405,2430.724075,5261444.141749,1599.857143,5266406.714286,0.008367
0.852089,0.000217,0.000315,0.147379,0.130369,2359.996130,5263804.137879,1524.428571,5267931.142857,0.008695
0.852053,0.000211,0.000306,0.147431,0.131376,2291.611900,5266095.749779,1429.714286,5269360.857143,0.009009
0.852017,0.000205,0.000297,0.147481,0.132425,2225.509069,5268321.258848,1342.857143,5270703.714286,0.009309
0.851982,0.000199,0.000288,0.147530,0.133515,2161.623058,5270482.881906,1320.428571,5272024.142857,0.009595
0.851949,0.000194,0.000280,0.147577,0.134645,2099.890957,5272582.772863,1311.285714,5273335.428571,0.009866
0.851916,0.000189,0.000272,0.147623,0.135814,2040.255094,5274623.027956,1234.285714,5274569.714286,0.010123
0.851884,0.000184,0.000264,0.147668,0.137021,1982.655190,5276605.683146,1222.428571,5275792.142857,0.010365
0.851852,0.000179,0.000257,0.147712,0.138265,1927.032282,5278532.715428,1184.428571,5276976.571429,0.010592
0.851822,0.000174,0.000250,0.147754,0.139545,1873.328422,5280406.043850,1170.571429,5278147.142857,0.010804
0.851792,0.000169,0.000243,0.147795,0.140860,1821.486495,5282227.530345,1152.571429,5279299.714286,0.011002
0.851763,0.000165,0.000236,0.147836,0.142208,1771.451435,5283998.981781,1112.857143,5280412.571429,0.011186
0.851735,0.000161,0.000230,0.147875,0.143589,1723.167952,5285722.149733,1093.428571,5281506.000000,0.011354
0.851707,0.000156,0.000224,0.147912,0.145001,1676.582763,5287398.732495,1036.571429,5282542.571429,0.011509
0.851680,0.000153,0.000218,0.147949,0.146443,1631.642719,5289030.375214,998.857143,5283541.428571,0.011649
0.851654,0.000149,0.000212,0.147985,0.147913,1588.295297,5290618.670512,959.571429,5284501.000000,0.011776
0.851628,0.000145,0.000206,0.148020,0.149411,1546.489881,5292165.160392,900.285714,5285401.285714,0.011888
0.851603,0.000141,0.000201,0.148055,0.150935,1506.177873,5293671.338265,793.428571,5286194.714286,0.011987
0.851578,0.000138,0.000196,0.148088,0.152483,1467.308074,5295138.646339,779.714286,5286974.428571,0.012074
0.851554,0.000135,0.000191,0.148120,0.154055,1429.830420,5296568.476760,786.714286,5287761.142857,0.012147
0.851531,0.000132,0.000186,0.148152,0.155649,1393.700281,5297962.177040,695.428571,5288456.571429,0.012208
0.851508,0.000128,0.000181,0.148183,0.157264,1358.870345,5299321.047386,709.000000,5289165.571429,0.012258
0.851485,0.000125,0.000177,0.148213,0.158899,1325.294161,5300646.341547,733.142857,5289898.714286,0.012296
0.851463,0.000123,0.000172,0.148242,0.160551,1292.927613,5301939.269160,775.428571,5290674.142857,0.012322
0.851441,0.000120,0.000168,0.148270,0.162220,1261.726947,5303200.996107,866.857143,5291541.000000,0.012338
0.851420,0.000117,0.000164,0.148298,0.163904,1231.652063,5304432.648171,884.857143,5292425.857143,0.012343
0.851400,0.000115,0.000160,0.148325,0.165603,1202.664183,5305635.312354,878.571429,5293304.428571,0.012338
0.851379,0.000112,0.000157,0.148352,0.167314,1174.722175,5306810.034528,977.142857,5294281.571429,0.012323
0.851359,0.000110,0.000153,0.148378,0.169037,1147.789066,5307957.823595,976.142857,5295257.714286,0.012299
0.851340,0.000108,0.000150,0.148403,0.170769,1121.828886,5309079.652481,982.142857,5296239.857143,0.012266
0.851321,0.000105,0.000146,0.148428,0.172511,1096.805313,5310176.457794,1008.285714,5297248.142857,0.012224
0.851302,0.000103,0.000143,0.148452,0.174259,1072.683386,5311249.141180,1036.714286,5298284.857143,0.012175
0.851284,0.000101,0.000140,0.148475,0.176014,1049.429691,5312298.570871,1052.714286,5299337.571429,0.012118
0.851266,0.000099,0.000137,0.148498,0.177774,1027.011637,5313325.582508,1076.571429,5300414.142857,0.012053
0.851248,0.000097,0.000134,0.148521,0.179538,1005.397567,5314330.980075,1104.857143,5301519.000000,0.011982
0.851230,0.000095,0.000131,0.148543,0.181304,984.556946,5315315.537022,1135.857143,5302654.857143,0.011905
0.851213,0.000094,0.000129,0.148564,0.183072,964.460567,5316279.997589,1152.142857,5303807.000000,0.011821
0.851197,0.000092,0.000126,0.148585,0.184840,945.080493,5317225.078082,1144.142857,5304951.142857,0.011732
0.851180,0.000090,0.000124,0.148606,0.186607,926.389442,5318151.467524,1134.571429,5306085.714286,0.011637
0.851164,0.000089,0.000121,0.148626,0.188373,908.360521,5319059.828046,1149.571429,5307235.285714,0.011538
0.851148,0.000087,0.000119,0.148646,0.190135,890.968146,5319950.796191,1153.857143,5308389.142857,0.011434
0.851132,0.000086,0.000117,0.148666,0.191894,874.188163,5320824.984355,1129.142857,5309518.285714,0.011325
0.851116,0.000084,0.000114,0.148685,0.193648,857.996900,5321682.981255,1112.000000,5310630.285714,0.011213
0.851101,0.000083,0.000112,0.148703,0.195396,842.371408,5322525.352662,1095.142857,5311725.428571,0.011098
0.851086,0.000082,0.000110,0.148722,0.197137,827.289357,5323352.642019,1101.714286,5312827.142857,0.010980
0.851071,0.000080,0.000108,0.148740,0.198872,812.729594,5324165.371613,1095.428571,5313922.571429,0.010859
0.851057,0.000079,0.000107,0.148758,0.200597,798.671762,5324964.043375,1095.571429,5315018.142857,0.010735
0.851042,0.000078,0.000105,0.148775,0.202314,785.096185,5325749.139560,1101.428571,5316119.571429,0.010609
0.851028,0.000077,0.000103,0.148792,0.204022,771.983938,5326521.123498,1115.428571,5317235.000000,0.010481
0.851014,0.000076,0.000101,0.148809,0.205719,759.316976,5327280.440474,1124.428571,5318359.428571,0.010352
0.851000,0.000075,0.000100,0.148826,0.207405,747.077754,5328027.518227,1155.142857,5319514.571429,0.010221
0.850986,0.000074,0.000098,0.148842,0.209079,735.249652,5328762.767879,1173.142857,5320687.714286,0.010089
0.850972,0.000073,0.000097,0.148858,0.210741,723.816502,5329486.584382,1217.000000,5321904.714286,0.009956
0.850959,0.000072,0.000095,0.148874,0.212391,712.763093,5330199.347475,1236.714286,5323141.428571,0.009822
0.850946,0.000071,0.000094,0.148890,0.214027,702.075041,5330901.422516,1233.857143,5324375.285714,0.009687
0.850933,0.000070,0.000092,0.148905,0.215650,691.737908,5331593.160424,1274.714286,5325650.000000,0.009552
0.850920,0.000069,0.000091,0.148921,0.217259,681.738183,5332274.898607,1289.428571,5326939.428571,0.009417
0.850907,0.000068,0.000090,0.148936,0.218853,672.063026,5332946.961633,1299.285714,5328238.714286,0.009282
0.850894,0.000067,0.000088,0.148950,0.220432,662.699929,5333609.661562,1315.285714,5329554.000000,0.009147
0.850882,0.000066,0.000087,0.148965,0.221996,653.637027,5334263.298589,1315.714286,5330869.714286,0.009011
0.850869,0.000066,0.000086,0.148979,0.223545,644.862943,5334908.161532,1310.714286,5332180.428571,0.008877
0.850857,0.000065,0.000085,0.148993,0.225078,636.366491,5335544.528023,1330.428571,5333510.857143,0.008742
0.850844,0.000064,0.000084,0.149008,0.226595,628.137987,5336172.666011,1221.000000,5334731.857143,0.008609
0.850832,0.000063,0.000083,0.149021,0.228095,620.166103,5336792.832114,1335.714286,5336067.571429,0.008477
0.850820,0.000063,0.000082,0.149035,0.229580,612.440569,5337405.272683,1419.571429,5337487.142857,0.008345
0.850809,0.000062,0.000081,0.149049,0.231047,604.952330,5338010.225013,1494.428571,5338981.571429,0.008215
0.850797,0.000062,0.000080,0.149062,0.232499,597.692608,5338607.917621,1561.714286,5340543.285714,0.008085
0.850785,0.000061,0.000079,0.149075,0.233933,590.652986,5339198.570607,1619.857143,5342163.142857,0.007956
0.850774,0.000060,0.000078,0.149088,0.235350,583.825498,5339782.396105,1651.714286,5343814.857143,0.007829
0.850762,0.000060,0.000077,0.149101,0.236751,577.201319,5340359.597424,1859.142857,5345674.000000,0.007704
0.850751,0.000059,0.000076,0.149114,0.238134,570.773759,5340930.371184,1847.571429,5347521.571429,0.007578
0.850740,0.000059,0.000075,0.149126,0.239501,564.535994,5341494.907177,1888.142857,5349409.714286,0.007455
0.850729,0.000058,0.000074,0.149138,0.240850,558.480798,5342053.387975,1953.714286,5351363.428571,0.007333
0.850718,0.000058,0.000074,0.149151,0.242182,552.601657,5342605.989632,1986.428571,5353349.857143,0.007212
0.850707,0.000057,0.000073,0.149163,0.243497,546.892237,5343152.881869,2032.000000,5355381.857143,0.007092
0.850697,0.000057,0.000072,0.149175,0.244795,541.346508,5343694.228377,2057.142857,5357439.000000,0.006975
0.850686,0.000056,0.000071,0.149186,0.246076,535.958321,5344230.186697,2151.142857,5359590.142857,0.006904
